{
  "project_info": {
    "project_number": "4879281281",
    "project_id": "healthcare-550a2",
    "storage_bucket": "healthcare-550a2.appspot.com"
  },
  "client": [
    {
      "client_info": {
        "mobilesdk_app_id": "1:4879281281:android:748a98d7a497fc80217180",
        "android_client_info": {
          "package_name": "com.example.hospital_appointment"
        }
      },
      "oauth_client": [
        {
          "client_id": "4879281281-9von1vefv093mpn62jva7kvk9srcdpe8.apps.googleusercontent.com",
          "client_type": 3
        }
      ],
      "api_key": [
        {
          "current_key": "AIzaSyDsHd5zoV37wAlnYIfAIkZ--5lmyhtZCnc"
        }
      ],
      "services": {
        "appinvite_service": {
          "other_platform_oauth_client": [
            {
              "client_id": "4879281281-9von1vefv093mpn62jva7kvk9srcdpe8.apps.googleusercontent.com",
              "client_type": 3
            }
          ]
        }
      }
    }
  ],
  "configuration_version": "1"
}